,dong,total,over_20_years,within_5_years,over_20_years_rate,within_5_years_rate,non_within_5_years_rate,std_over_20_years_rate,std_non_within_5_years_rate
0,옥련동,1139,944,64,82.87971905179982,5.618964003511852,94.38103599648815,0.8663721926787883,0.8353226393220768
1,선학동,495,438,17,88.48484848484848,3.4343434343434343,96.56565656565657,0.9249646726330664,0.9216018751046378
2,연수동,1614,1544,55,95.6629491945477,3.407682775712516,96.59231722428748,1.0,0.9226548090944567
3,청학동,1311,1214,19,92.60106788710908,1.4492753623188406,98.55072463768116,0.967993028301775,1.0
4,동춘동,556,432,82,77.6978417266187,14.748201438848922,85.25179856115108,0.812204122712193,0.4747732421797368
5,송도동,777,0,208,0.0,26.76962676962677,73.23037323037323,0.0,0.0
